Timestamp,period,T,RH,ea,es,VPD,Delta,P,gamma,u2,J,t_mid,Sc,omega,omega1,omega2,omega_s,delta,dr,beta,Ra,Rso,Rs,fcd,fcd_eq,Rns,Rnl,Rn,G_os,Cd_os,ETos_mm,G_rs,Cd_rs,ETrs_mm
6/9/2026 0:00,night,20.9,82.4,2.036738516769058,2.4717700446226427,0.4350315278535848,0.15193485302849763,91.14971822657583,0.06061456262067293,3.900866594619943,159,23.5,0.019074300068775283,2.8231497036199373,1.9067286269357713,1.9067286269357713,1.9067286269357713,0.39880567380797377,0.9696635629992859,-0.46683210507930406,0.0,0.0,0.0,0.8013436440269667,Eq.46,0.0,0.1715402698021763,-0.1715402698021763,-0.08577013490108815,0.96,0.01736561559315836,-0.03430805396043526,1.7,0.02374657480700727
6/9/2026 1:00,night,19.8,82.1,1.8960898528319328,2.309488249490783,0.41339839665885036,0.14317705489122984,91.14971822657583,0.06061456262067293,3.8008443742450724,160,0.5,0.01593982480304075,-3.1990568194661404,-1.9081964597115588,-1.9081964597115588,1.9081964597115588,0.40030864844271274,0.9694444823526029,-0.5052654790169969,0.0,0.0,0.0,0.8013436440269667,Eq.46,0.0,0.17745184786863993,-0.17745184786863993,-0.08872592393431997,0.96,0.01612436597572787,-0.03549036957372799,1.7,0.022127005708393765
6/9/2026 2:00,night,19.6,79.2,1.8065565722021029,2.281005772982453,0.47444920078035024,0.1416315464370162,91.14971822657583,0.06061456262067293,2.9006443908712396,160,1.5,0.01593982480304075,-2.9372574316669913,-1.9081964597115588,-1.9081964597115588,1.9081964597115588,0.40030864844271274,0.9694444823526029,-0.48945713305085786,0.0,0.0,0.0,0.8013436440269667,Eq.46,0.0,0.18250502418179146,-0.18250502418179146,-0.09125251209089573,0.96,0.014217977475250282,-0.03650100483635829,1.7,0.020711105529917815
6/9/2026 3:00,night,19.5,77.6,1.7590989583608303,2.2668801009804516,0.5077811426196213,0.14086410252003811,91.14971822657583,0.06061456262067293,2.600577729746629,160,2.5,0.01593982480304075,-2.6754580438678417,-1.9081964597115588,-1.9081964597115588,1.9081964597115588,0.40030864844271274,0.9694444823526029,-0.4200986590211168,0.0,0.0,0.0,0.8013436440269667,Eq.46,0.0,0.18524246149344953,-0.18524246149344953,-0.09262123074672476,0.96,0.01361064215718264,-0.03704849229868991,1.7,0.02032976255962628
6/9/2026 4:00,night,18.7,82.5,1.7791966335624212,2.156601980075662,0.377405346513241,0.134850291696919,91.14971822657583,0.06061456262067293,2.800622170496369,160,3.5,0.01593982480304075,-2.4136586560686917,-1.9081964597115588,-1.9081964597115588,1.9081964597115588,0.40030864844271274,0.9694444823526029,-0.3061566816255158,0.0,0.0,0.0,0.8013436440269667,Eq.46,0.0,0.1819694291810291,-0.1819694291810291,-0.09098471459051455,0.96,0.008706351513186241,-0.03639388583620582,1.7,0.013400466761577445
6/9/2026 5:00,night,17.9,87.9,1.8028705055110539,2.051047219011438,0.24817671350038406,0.1290553877182628,91.14971822657583,0.06061456262067293,2.600577729746629,160,4.5,0.01593982480304075,-2.1518592682695425,-1.9081964597115588,-1.9081964597115588,1.9081964597115588,0.40030864844271274,0.9694444823526029,-0.1587040936054497,0.0,0.0,0.0,0.8013436440269667,Eq.46,0.0,0.17852828081800254,-0.17852828081800254,-0.08926414040900127,0.96,0.0008084109759291375,-0.03570565616360051,1.7,0.0029619919901461437
6/9/2026 6:00,night,17.4,92.9,1.8462919884900841,1.9873971889021356,0.14110520041205143,0.12554187263708336,91.14971822657583,0.06061456262067293,1.7003777463727956,160,5.5,0.01593982480304075,-1.8900598804703934,-1.9081964597115588,-1.7591601865708186,1.9081964597115588,0.40030864844271274,0.9694444823526029,0.012452862870342928,0.14064539800561954,0.10800385145488334,0.056159999999999995,0.8013436440269667,Eq.46,0.043243199999999996,0.17468019246620445,-0.13143699246620444,-0.06571849623310222,0.96,-0.005307562901917759,-0.02628739849324089,1.7,-0.005757405979179793
6/9/2026 7:00,day,19.0,92.6,2.034786217917997,2.197393323885526,0.16260710596752892,0.137079467773823,91.14971822657583,0.06061456262067293,2.100466627872277,160,6.5,0.01593982480304075,-1.628260492671244,-1.7591601865708189,-1.4973607987716693,1.9081964597115588,0.40030864844271274,0.9694444823526029,0.19978520340683223,0.947149371299182,0.7273311566105827,0.55584,0.8013436440269667,Eq.46,0.4279968,0.16726377692969163,0.2607330230703084,0.026073302307030838,0.24,0.06899202137104796,0.010429320922812336,0.25,0.08137949113711089
6/9/2026 8:00,day,22.1,76.6,2.0376284306845323,2.660089335097301,0.6224609044127689,0.16200115083705446,91.14971822657583,0.06061456262067293,2.800622170496369,160,7.5,0.01593982480304075,-1.3664611048720947,-1.4973607987716695,-1.23556141097252,1.9081964597115588,0.40030864844271274,0.9694444823526029,0.39770563785889534,1.8453082621252146,1.4170417394181463,1.2085199999999998,0.8013436440269667,Eq.45,0.9305603999999998,0.17430326436932245,0.7562571356306774,0.07562571356306774,0.24,0.22112931989409268,0.0302502854252271,0.25,0.27020568947839074
6/9/2026 9:00,day,26.9,51.6,1.8289499621374619,3.5444766708090345,1.7155267086715726,0.208088613696857,91.14971822657583,0.06061456262067293,2.800622170496369,160,8.5,0.01593982480304075,-1.1046617170729454,-1.2355614109725201,-0.9737620231733707,1.9081964597115588,0.40030864844271274,0.9694444823526029,0.6017898923204649,2.695761509234904,2.070118395125631,1.665,0.735807461685586,Eq.45,1.2820500000000001,0.18351314559281573,1.0985368544071843,0.10985368544071844,0.24,0.3873677866514679,0.043941474176287375,0.25,0.4937482837156898
6/9/2026 10:00,day,30.5,37.6,1.641721024508552,4.3662793205014685,2.7245582959929164,0.24948945303997713,91.14971822657583,0.06061456262067293,2.800622170496369,160,9.5,0.01593982480304075,-0.8428623292737953,-0.97376202317337,-0.7119626353742207,1.9081964597115588,0.40030864844271274,0.9694444823526029,0.8077256704447527,3.440552129278172,2.642055028906777,2.22912,0.7890042853290554,Eq.45,1.7164224000000001,0.2200295164842934,1.4963928835157068,0.14963928835157067,0.24,0.5514505494955698,0.05985571534062827,0.25,0.700077409475901
6/9/2026 11:00,day,32.7,28.9,1.429428326096945,4.946118775421955,3.5166904493250106,0.2780345930292044,91.14971822657583,0.06061456262067293,1.6003555259979254,160,10.5,0.01593982480304075,-0.581062941474646,-0.7119626353742207,-0.4501632475750713,1.9081964597115588,0.40030864844271274,0.9694444823526029,1.0092395233223035,4.028923872323765,3.0938751043393764,2.5840799999999997,0.777552949731915,Eq.45,1.9897415999999999,0.2398623408815472,1.7498792591184527,0.17498792591184528,0.24,0.6076906083234435,0.06999517036473811,0.25,0.72806056915795
6/9/2026 12:00,day,35.0,21.5,1.208876466276666,5.622681238496122,4.413804772219455,0.31074918743228264,91.14971822657583,0.06061456262067293,1.9004221871225362,160,11.5,0.01593982480304075,-0.3192635536754966,-0.4501632475750713,-0.18836385977592188,1.9081964597115588,0.40030864844271274,0.9694444823526029,1.1912103573074606,4.420780176413401,3.3947878299506735,3.2274,0.933435141825434,Eq.45,2.485098,0.31983415381750147,2.1652638461824982,0.21652638461824983,0.24,0.7722883583428654,0.08661055384729993,0.25,0.9308603393703745
6/9/2026 13:00,day,36.9,19.2,1.1982178767275884,6.24071810795619,5.042500231228601,0.3401429597050628,91.14971822657583,0.06061456262067293,1.9004221871225362,160,12.5,0.01593982480304075,-0.05746416587634715,-0.18836385977592185,0.07343552802322756,1.9081964597115588,0.40030864844271274,0.9694444823526029,1.3026940172245254,4.589416681996533,3.5242865007720496,3.51864,0.9978370725420319,Eq.45,2.7093528,0.35169216087647737,2.3576606391235226,0.23576606391235228,0.24,0.8492547399557235,0.09430642556494091,0.25,1.0192198121970923
6/9/2026 14:00,day,38.2,16.4,1.0982649472068555,6.696737482968632,5.598472535761776,0.36156125855519194,91.14971822657583,0.06061456262067293,1.4003110852481846,160,13.5,0.01593982480304075,0.20433522192280226,0.07343552802322756,0.33523491582237697,1.9081964597115588,0.40030864844271274,0.9694444823526029,1.2544628484527878,4.523341089902674,3.473545996393702,2.72484,0.7090140461128543,Eq.45,2.0981268,0.2629993221991917,1.8351274778008084,0.18351274778008086,0.24,0.6782090109658598,0.07340509911203234,0.25,0.813414038515239
6/9/2026 15:00,day,35.5,19.6,1.1328682678830997,5.779940142260712,4.6470718743776125,0.3182705320186899,91.14971822657583,0.06061456262067293,1.200266644498444,160,14.5,0.01593982480304075,0.46613460972195164,0.33523491582237697,0.5970343036215263,1.9081964597115588,0.40030864844271274,0.9694444823526029,1.0931647144892929,4.22705634253794,3.2460241983363654,0.8215199999999999,0.05500000000000005,Eq.45,0.6325704,0.019469224266280123,0.6131011757337198,0.061310117573371986,0.24,0.2830898782479593,0.024524047029348794,0.25,0.3746410890006077
6/9/2026 16:00,day,33.6,22.4,1.1652324221504737,5.201930456028901,4.036698033878427,0.29047472754586434,91.14971822657583,0.06061456262067293,2.5005555093717584,160,15.5,0.01593982480304075,0.7279339975211011,0.5970343036215264,0.8588336914206758,1.9081964597115588,0.40030864844271274,0.9694444823526029,0.8972777667790439,3.7207537558015438,2.8572263411400987,0.36792,0.05500000000000005,Eq.45,0.2832984,0.018784057963680885,0.26451434203631913,0.026451434203631913,0.24,0.26337763926709556,0.010580573681452765,0.25,0.41596401704991387
6/9/2026 17:00,day,29.1,29.8,1.200607558131228,4.0288844232591545,2.8282768651279264,0.232636678846113,91.14971822657583,0.06061456262067293,5.501222120617868,160,16.5,0.01593982480304075,0.9897333853202505,0.8588336914206758,1.1206330792198251,1.9081964597115588,0.40030864844271274,0.9694444823526029,0.6922544382800265,3.038937014274986,2.33364835625399,0.63648,0.05500000000000005,Eq.45,0.49008960000000007,0.017492429719536427,0.47259717028046366,0.04725971702804637,0.24,0.41759090660048437,0.018903886811218545,0.25,0.6614252412847786
6/9/2026 18:00,day,31.0,31.9,1.433136928106828,4.492592251118583,3.059455323011755,0.25575108190000984,91.14971822657583,0.06061456262067293,6.001333222492219,160,17.5,0.01593982480304075,1.2515327731194,1.1206330792198251,1.3824324670189747,1.9081964597115588,0.40030864844271274,0.9694444823526029,0.4867807786062063,2.228070802137861,1.7109712180944976,1.15596,0.5620819704600144,Eq.45,0.8900892000000001,0.16935699067050616,0.720732209329494,0.0720732209329494,0.24,0.5032349568751767,0.02882928837317976,0.25,0.7704767716867098
6/9/2026 19:00,day,27.3,44.5,1.6147153614672696,3.628573845993864,2.0138584845265948,0.21238219621210042,91.14971822657583,0.06061456262067293,5.101133239118386,160,18.5,0.01593982480304075,1.5133321609185493,1.3824324670189745,1.644231854818124,1.9081964597115588,0.40030864844271274,0.9694444823526029,0.28564540111361547,1.3434143117275368,1.0316293446045632,0.6523199999999999,0.5620819704600144,Eq.46,0.5022863999999999,0.15162994439150532,0.35065645560849457,0.03506564556084946,0.24,0.2997314251071544,0.014026258224339783,0.25,0.47395378143651
6/9/2026 20:00,night,26.0,46.5,1.5630695203001923,3.3614398286025637,1.7983703083023714,0.19869431648499708,91.14971822657583,0.06061456262067293,3.400755492745591,160,19.5,0.01593982480304075,1.7751315487176986,1.6442318548181238,1.9060312426172734,1.9081964597115588,0.40030864844271274,0.9694444823526029,0.09306578494634488,0.4452554209015043,0.3419187617969996,0.11268,0.5620819704600144,Eq.46,0.08676360000000001,0.15165945434385547,-0.06489585434385546,-0.03244792717192773,0.96,0.09458260796261612,-0.012979170868771093,1.7,0.127299885812063
6/9/2026 21:00,night,26.5,40.7,1.4090675200307148,3.462082358797825,2.05301483876711,0.20386826823707088,91.14971822657583,0.06061456262067293,4.7010443576189065,160,20.5,0.01593982480304075,2.036930936516848,1.9060312426172732,1.9081964597115588,1.9081964597115588,0.40030864844271274,0.9694444823526029,-0.08598918955317113,2.9238093397967623e-05,2.2452399729793707e-05,0.00612,0.5620819704600144,Eq.46,0.004712399999999999,0.16086283662287643,-0.15615043662287642,-0.07807521831143821,0.96,0.12225480116693478,-0.031230087324575287,1.7,0.15826721193136686
6/9/2026 22:00,night,23.2,54.6,1.5526071849984908,2.8436029029276386,1.2909957179291478,0.171717799636021,91.14971822657583,0.06061456262067293,2.800622170496369,160,21.5,0.01593982480304075,2.2987303243159976,1.9081964597115588,1.9081964597115588,1.9081964597115588,0.40030864844271274,0.9694444823526029,-0.24492296052374019,0.0,0.0,0.0,0.5620819704600144,Eq.46,0.0,0.14658033736453013,-0.14658033736453013,-0.07329016868226507,0.96,0.05626457514761136,-0.029316067472906028,1.7,0.07797247968310674
6/9/2026 23:00,night,21.5,63.4,1.6258421028955639,2.5644197206554633,0.9385776177598995,0.1568997982775748,91.14971822657583,0.06061456262067293,3.7008221538702024,160,22.5,0.01593982480304075,2.560529712115147,1.9081964597115588,1.9081964597115588,1.9081964597115588,0.40030864844271274,0.9694444823526029,-0.37491298702646153,0.0,0.0,0.0,0.5620819704600144,Eq.46,0.0,0.13972708683300356,-0.13972708683300356,-0.06986354341650178,0.96,0.05077765869675241,-0.027945417366600712,1.7,0.06684196177155022
